Id,TargetPositionTitle,Summary,DeletedAt
1,Backend Software Engineer,"Backend developer with 5+ years of experience building scalable, high-performance REST and gRPC services. Proficient in Go and Java Spring Boot, with strong knowledge of microservices architecture, message queues, and relational/NoSQL databases. Passionate about clean code, domain-driven design, and performance optimization.",
2,DevOps / Cloud Engineer,"DevOps engineer with 4+ years of experience designing and maintaining CI/CD pipelines, container orchestration on Kubernetes, and cloud infrastructure on AWS. Experienced in infrastructure-as-code (Terraform, Ansible) and platform reliability engineering. Focused on automating everything and reducing MTTR.",
3,Fullstack Developer,"Fullstack developer eager to work across frontend and backend, early-career profile.",2021-02-14 11:00:00
4,Backend Software Engineer,"Backend engineer with 5+ years of experience designing and shipping REST APIs and event-driven services in Go and Java. Comfortable owning features end to end, from PostgreSQL schema design to production monitoring with Prometheus and Grafana. Cut p95 API latency by 40% through query tuning and Redis caching.",
5,DevOps / Cloud Engineer,"DevOps engineer with 4 years of experience automating build, test, and release workflows with GitHub Actions and ArgoCD. Hands-on with Docker, Kubernetes, and Terraform across multi-account AWS environments. Reduced average deployment time from 45 minutes to under 8 through pipeline redesign.",
6,Site Reliability Engineer,"Site reliability engineer with 5 years of experience running high-availability services on Kubernetes and AWS. Defines SLOs, builds observability stacks with Prometheus, Grafana, and OpenTelemetry, and leads blameless postmortems. Improved availability of a payments platform from 99.5% to 99.95%.",
7,Platform Engineer,"Platform engineer with 6 years of experience building internal developer platforms that let product teams self-serve infrastructure. Skilled in Kubernetes operators, Backstage, reusable Terraform modules, and golden-path CI/CD templates. Reduced new-service onboarding time from two weeks to one day.",
8,Fullstack Developer,"Fullstack developer with 4 years of experience delivering web applications with React, TypeScript, and Node.js on the front end and ASP.NET Core or Go on the back end. Strong focus on accessible UI, clean API contracts, and automated testing. Shipped a customer portal used by 20,000+ monthly active users.",
9,Go Developer,"Go developer with 5 years of experience writing concurrent, low-latency services using goroutines, gRPC, and NATS. Familiar with hexagonal architecture, table-driven testing, and profiling with pprof. Built an ingestion pipeline processing 30,000 events per second on a small Kubernetes cluster.",
10,Java Backend Developer,"Java backend developer with 6 years of experience building Spring Boot microservices for fintech and e-commerce domains. Proficient in JPA/Hibernate, Kafka, and PostgreSQL, with thorough integration testing using Testcontainers. Led the migration of a monolithic order system to six independently deployable services.",
11,Cloud Infrastructure Engineer,"Cloud infrastructure engineer with 5 years of experience designing secure, cost-efficient environments on AWS and Azure. Strong in Terraform, VPC networking, IAM least-privilege design, and landing-zone automation. Saved roughly 28% of monthly cloud spend through rightsizing and Savings Plans.",
12,API Engineer,"API engineer with 5 years of experience designing developer-friendly REST, GraphQL, and gRPC interfaces. Experienced with OpenAPI-first workflows, versioning strategies, rate limiting, and API gateway configuration with Kong. Maintained public APIs used by 300+ partner integrations with no breaking changes in two years.",
13,Systems Engineer,"Systems engineer with 7 years of experience managing Linux server fleets, networking, and configuration management with Ansible. Strong in performance troubleshooting, capacity planning, and hardening to CIS benchmarks. Automated patching for 400+ hosts, cutting monthly maintenance windows by 60%.",
14,Kubernetes Engineer,"Kubernetes engineer with 4 years of experience operating production clusters on EKS and bare metal. Skilled with Helm, Kustomize, Istio, and cluster autoscaling; CKA and CKAD certified. Migrated 35 services from VMs to Kubernetes with no customer-facing downtime.",
15,Solutions Architect,"Solutions architect with 8 years of experience translating business requirements into scalable cloud-native designs. Balances trade-offs across cost, security, and delivery speed, and communicates comfortably with both executives and engineers. Designed a multi-region architecture that absorbed a 5x traffic spike during a product launch.",
16,Staff Backend Engineer,"Staff backend engineer with 10+ years of experience setting technical direction across multiple teams. Drives architecture reviews, mentors senior engineers, and partners with product on multi-quarter roadmaps. Led the redesign of a core billing platform handling USD 2B in annual transactions.",
17,Backend Software Engineer,"Backend engineer with 3 years of experience building internal tools and customer-facing APIs in Go and Python. Values clear domain modeling, pragmatic testing, and constructive code reviews. Contributed to the rewrite of a notification service that raised delivery success rate to 99.8%.",
18,DevOps / Cloud Engineer,"DevOps engineer with 3 years of experience supporting a fast-moving SaaS team on Azure DevOps and AWS. Maintains Docker-based build pipelines, Terraform state, and on-call runbooks. Introduced automated rollbacks that cut the impact of failed releases by half.",
19,Platform Engineer,"Platform engineer with 3 years of experience maintaining shared CI/CD tooling and Kubernetes clusters. Focused on developer experience and standardized service templates.",7
20,Fullstack Developer,"Fullstack developer with 2 years of experience building CRUD applications with Angular and Spring Boot. Comfortable with SQL, REST, and Agile teams.",30
21,Go Developer,"Junior Go developer with 2 years of experience creating small REST services and CLI tools. Familiar with Docker, PostgreSQL, and unit testing.",14
22,Java Backend Developer,"Java developer with 4 years of experience in Spring MVC and Hibernate applications. Experienced in SQL tuning, batch jobs, and maintaining legacy enterprise systems.",45
23,Cloud Infrastructure Engineer,"Cloud engineer with 3 years of experience provisioning AWS resources with CloudFormation and Terraform. Familiar with EC2, S3, RDS, and basic monitoring with CloudWatch.",3
24,API Engineer,"Backend developer with 3 years of experience designing and documenting REST APIs with Swagger. Familiar with OAuth 2.0, JWT authentication, and Postman test collections.",60
25,Systems Engineer,"Systems administrator with 5 years of experience supporting Linux and Windows servers. Skilled in shell scripting, backup strategies, and incident response.",21
26,Kubernetes Engineer,"Engineer with 2 years of experience deploying containerized workloads to Kubernetes using Helm. Working knowledge of Docker, Prometheus, and GitLab CI.",90
27,Solutions Architect,"Senior engineer with 6 years of experience moving toward architecture roles. Has produced system design documents, led technical discovery sessions, and evaluated build-versus-buy options.",10
28,Staff Backend Engineer,"Senior backend engineer with 8 years of experience leading small teams and owning critical services. Regularly mentors junior developers and reviews architecture proposals.",30
29,Backend Software Engineer,"Backend developer with 4 years of experience in Java and Go, building services for logistics and delivery platforms. Familiar with RabbitMQ, MySQL, and Redis.",7
30,DevOps / Cloud Engineer,"DevOps engineer with 2 years of experience writing Jenkins pipelines and Ansible playbooks. Supports deployments on AWS EC2 and basic Docker environments.",30
31,Site Reliability Engineer,"Operations engineer transitioning into SRE with 4 years of experience in monitoring, alerting, and on-call rotations. Familiar with Grafana, ELK, and incident postmortems.",7
32,Platform Engineer,"Infrastructure engineer with 4 years of experience automating environment provisioning and internal tooling. Works with Terraform, Kubernetes, and Python scripting.",30
33,Fullstack Developer,"Fullstack developer with 3 years of experience using Vue.js and Node.js with MongoDB. Has delivered several small-business web applications from design to deployment.",14
34,Go Developer,"Backend developer with 3 years of experience, including 1 year in Go, building microservices with Gin and gRPC. Interested in distributed systems and performance.",45
35,Java Backend Developer,"Java developer with 5 years of experience building Spring Boot REST services and scheduled jobs. Experienced with Oracle, Maven, and Jenkins-based delivery.",3
36,Cloud Infrastructure Engineer,"Infrastructure engineer with 4 years of experience managing hybrid on-prem and AWS environments. Knowledgeable in VPN setup, load balancing, and disaster recovery planning.",60
37,API Engineer,"Software engineer with 4 years of experience integrating third-party APIs and exposing internal services through REST endpoints. Experienced with API versioning and contract testing.",21
38,Systems Engineer,"Systems engineer with 6 years of experience in Linux administration, VMware virtualization, and network troubleshooting. Writes Bash and Python scripts to automate routine operations.",90
39,Kubernetes Engineer,"Cloud engineer with 3 years of experience running workloads on Kubernetes. Skilled in Helm chart authoring, ingress configuration, and basic cluster upgrades.",10
40,Solutions Architect,"Backend engineer with 7 years of experience designing integrations between enterprise systems. Comfortable producing architecture diagrams and presenting technical proposals to stakeholders.",30
41,Staff Backend Engineer,"Lead backend engineer with 9 years of experience on high-traffic web platforms. Focused on code quality, service ownership, and cross-team technical coordination.",7
42,Backend Software Engineer,"Backend developer with 2 years of experience building REST APIs in Java with Spring Boot. Familiar with PostgreSQL, Docker, and Git-based workflows.",30
43,DevOps / Cloud Engineer,"DevOps engineer with 3 years of experience maintaining CI/CD pipelines with GitLab CI and deploying to AWS. Familiar with Docker Compose, Bash scripting, and Nagios monitoring.",7
