Id,Name,Brief,Role,Responsibilities,RepositoryUrl,DemoUrl,StartDate,EndDate,HasGaps,WorkExperienceId,ProjectTypeId,DeletedAt
1,Stripe Notification Service,"A high-throughput push notification microservice handling 500k+ messages/day for Stripe users across iOS, Android, and Web.",Backend Engineer,"Designed the service in Go with a Kafka consumer pipeline. Implemented retry logic, dead-letter queue, and per-device rate limiting. Wrote internal benchmarks achieving <5ms p99 latency.",,,2022-03-01,,0,1,3,
2,Order Management System - Shopify,"Core backend API for a B2B e-commerce order flow: cart, checkout, inventory reservation, invoicing.",Junior Backend Developer,Built REST APIs with Spring Boot. Integrated Redis for session/cache. Wrote JUnit tests achieving 85% code coverage. Coordinated with frontend team on API contracts.,,,2020-01-01,2021-05-01,0,2,3,
3,go-taskq,"Open-source lightweight task queue library for Go with support for multiple backends (Redis, PostgreSQL).",Author / Maintainer,"Designed the public API, implemented workers, retry strategies, and backoff. Published on GitHub with documentation and example apps. 200+ GitHub stars.",https://github.com/ethan-carter-dev/go-taskq,,2023-01-01,,0,,2,
4,Internal Developer Platform - Stripe,"Built a self-service Kubernetes platform for 50+ engineers, abstracting cluster operations behind a GitOps workflow.",DevOps Engineer,Set up AWS EKS clusters with Terraform. Deployed ArgoCD for GitOps. Wrote Helm chart templates for standardized service deployments. Reduced onboarding time for new services from 3 days to 2 hours.,,,2022-04-01,,0,3,3,
5,Observability Stack Migration,"Migrated monitoring from CloudWatch to a self-hosted Prometheus + Grafana + Alertmanager stack, covering 20+ microservices.",DevOps Engineer,Designed recording rules and alerting policies. Integrated Datadog for APM traces. Created runbook documentation and on-call playbooks.,,,2023-06-01,2024-01-01,0,3,3,
6,k8s-cost-exporter,Open-source Prometheus exporter that surfaces per-namespace AWS cost allocation data from Cost Explorer API.,Author,Built in Python with the official Prometheus client. Packaged as a Docker image with Helm chart. Featured in CNCF newsletter.,https://github.com/ethan-carter-dev/k8s-cost-exporter,,2023-09-01,,0,,5,
7,Legacy Portfolio Site,"Old personal portfolio website built early in career, replaced by a newer version.",Author,"Built a static portfolio site with HTML/CSS/jQuery, no longer maintained.",,,2018-03-01,2018-06-01,0,,2,2023-05-12 08:10:00
8,Rate Limiter Middleware,"Reusable HTTP middleware that enforces per-client rate limits using a token-bucket algorithm backed by Redis, protecting internal APIs from abusive traffic.",Engineer,"Implemented token-bucket and sliding-window strategies in Go. Added configurable limits per API key and route. Exposed Prometheus metrics for throttled requests. Wrote load tests confirming under 1ms overhead per request.",,,2021-01-01,,0,,3,
9,gRPC Gateway POC,"Proof of concept for exposing internal gRPC services as REST/JSON endpoints through a single gateway, evaluated as a replacement for hand-written BFF adapters.",Engineer,"Configured grpc-gateway with protobuf annotations and generated OpenAPI specs. Added JWT authentication and request logging interceptors. Benchmarked against the existing adapters and presented the results to the architecture group.",,,2022-02-01,2022-11-01,0,3,3,
10,Feature Flag Service,"Centralized feature flag service that lets teams roll out changes gradually with percentage-based targeting and instant kill switches.",Engineer,"Built the flag evaluation API in Go with PostgreSQL storage and an in-memory cache. Implemented user-segment targeting and audit logging. Provided client SDKs for Go and Java. Reduced rollback time for risky releases from hours to seconds.",,,2023-03-01,,0,6,3,
11,Internal CLI Toolkit,"Command-line toolkit that bundles everyday developer tasks such as environment setup, log tailing, and secret lookup into a single binary.",Engineer,"Developed subcommands with Cobra in Go. Added shell autocompletion and configuration profiles per environment. Wrote documentation and automated releases with GoReleaser.",,,2024-04-01,2024-11-01,0,,2,
12,Log Aggregation Pipeline,"Centralized logging pipeline that collects structured logs from 30+ services into Elasticsearch for search, dashboards, and alerting.",Engineer,"Deployed Fluent Bit as a DaemonSet and configured parsing and enrichment rules. Sized and tuned Elasticsearch indices with lifecycle policies. Built Kibana dashboards for the on-call team. Cut log storage costs by 35% through retention tiering.",,,2021-05-01,,0,8,5,
13,Blue/Green Deploy Tool,"Deployment tool that automates blue/green releases on Kubernetes with health-check gating and one-command rollback.",Engineer,"Wrote the orchestration logic in Go using the Kubernetes client library. Integrated smoke tests and traffic switching via Istio virtual services. Documented the release process and trained three teams to adopt it.",,,2022-06-01,2022-11-01,0,9,3,
14,Secrets Rotation Job,"Scheduled job that rotates database credentials and API keys stored in AWS Secrets Manager without service downtime.",Engineer,"Implemented rotation Lambda functions in Python for PostgreSQL and third-party API credentials. Added a dual-credential overlap window and automated verification. Set up alerts for failed rotations and reached 100% compliance with the 90-day rotation policy.",,,2023-07-01,,0,,3,
15,Multi-Region Failover Runbook Automation,"Automation that turns the manual multi-region failover runbook into a tested, repeatable workflow with clear go/no-go checks.",Engineer,"Scripted DNS, database promotion, and traffic-shifting steps with Terraform and Python. Added pre-flight validation and rollback stages. Ran quarterly game-day drills that brought failover time down from 40 minutes to 9.",,,2024-08-01,2024-11-01,0,11,3,
16,GraphQL BFF Layer,"Backend-for-frontend layer that aggregates multiple REST microservices behind a single GraphQL schema for web and mobile clients.",Engineer,"Designed the schema and resolvers with Apollo Server and TypeScript. Added DataLoader batching to eliminate N+1 calls. Implemented persisted queries and field-level caching. Reduced mobile payload size by roughly 45%.",,,2021-09-01,,0,12,3,
17,Event Sourcing Experiment,"Side project exploring event sourcing and CQRS by modeling an order lifecycle with an append-only event store and projected read models.",Engineer,"Built the event store on PostgreSQL and the projections in Go. Implemented snapshotting and idempotent event handlers. Documented trade-offs and lessons learned in a public write-up.",,,2022-01-01,2022-11-01,0,,5,
18,Chaos Engineering Suite,"Set of fault-injection experiments that validate critical services survive pod failures, network latency, and dependency outages.",Engineer,"Authored experiments with Chaos Mesh and LitmusChaos. Defined steady-state hypotheses tied to SLOs. Ran monthly game days and filed fixes for 12 resilience gaps discovered.",,,2023-02-01,,0,14,3,
19,Cost Anomaly Detector,"Service that detects unusual cloud spend by comparing daily AWS cost data against a rolling baseline and alerting owners on Slack.",Engineer,"Ingested Cost Explorer data into a time-series store using Python. Implemented z-score anomaly detection with per-team thresholds. Sent Slack alerts linking to the responsible resources. Caught a misconfigured autoscaler that would have cost around USD 6k per month.",,,2024-03-01,2024-11-01,0,15,3,
20,Static Site Generator Rewrite,"Personal rewrite of a static site generator in Rust, focused on fast incremental builds for Markdown-based documentation sites.",Engineer,"Implemented Markdown parsing, templating, and a file watcher for incremental rebuilds. Added syntax highlighting and RSS feed generation. Achieved full rebuilds of 1,000 pages in under 2 seconds.",,,2021-04-01,,0,,2,
21,Slack Ops Bot,"Slack bot that lets engineers check service status, trigger deployments, and page the on-call engineer without leaving chat.",Engineer,"Built slash commands in Node.js with the Slack Bolt framework. Integrated the PagerDuty and CI system APIs. Added role-based permissions and audit logging of every command.",,,2022-05-01,2022-11-01,0,17,2,
22,Terraform Module Library,"Collection of reusable Terraform modules for common AWS building blocks such as VPCs, ECS clusters, and RDS instances.",Author,"Authored and versioned the modules with input validation and example configurations. Wrote README documentation and basic integration tests.",,,2016-01-01,2017-01-01,0,,5,7
23,Synthetic Monitoring Suite,"Synthetic monitoring scripts that probe critical user journeys and public endpoints every minute from multiple regions.",Author,"Wrote probe scripts in Python and scheduled them with cron and AWS Lambda. Pushed results to Graphite and configured alert thresholds.",,,2017-02-01,2018-02-01,0,,3,30
24,Canary Analysis Tool,"Tool that compares metrics between canary and baseline deployments to decide whether a rollout should continue.",Author,"Implemented statistical comparison of error rate and latency in Python. Integrated with Jenkins pipelines to promote or abort releases automatically.",,,2018-03-01,2019-03-01,0,,3,14
25,Data Retention Cleanup Job,"Scheduled job that purges expired customer data from production databases to satisfy retention and privacy policies.",Author,"Wrote batched delete jobs in Java with configurable retention windows per table. Added a dry-run mode and reporting of rows removed.",,,2019-04-01,2020-04-01,0,,3,45
26,Webhook Delivery Service,"Service that delivers event webhooks to customer endpoints with signed payloads, retries, and delivery logs.",Author,"Implemented HMAC signing and exponential backoff retries in Go. Stored delivery attempts in PostgreSQL and exposed a replay endpoint.",,,2020-05-01,2021-05-01,0,,3,3
27,CLI Password Manager,"Personal command-line password manager that keeps an encrypted local vault with quick clipboard copy and password generation.",Author,"Implemented AES-256 encryption with a key derived from the master password using Argon2. Added a password generator, tagging, and export/import commands.",,,2021-06-01,2022-06-01,0,,2,60
28,Personal Budget Tracker,"Small web app for logging daily expenses and visualizing monthly spending by category.",Author,"Built the interface with jQuery and Chart.js on top of a simple PHP and MySQL backend. Added CSV import for bank statements.",,,2016-07-01,2017-07-01,0,,2,21
29,Recipe Sharing App,"Web app where friends can share recipes, tag ingredients, and build weekly shopping lists.",Author,"Developed the Django backend with user authentication and image uploads. Created the responsive front end with Bootstrap. Deployed to Heroku.",,,2017-08-01,2018-08-01,0,,2,90
30,Markdown Note Sync Tool,"Utility that syncs a local folder of Markdown notes with cloud storage and keeps a searchable index.",Author,"Wrote the sync logic in Node.js with file watching and conflict detection. Added full-text search using SQLite FTS.",,,2018-09-01,2019-09-01,0,,2,10
31,Pomodoro Timer App,"Desktop Pomodoro timer that tracks focus sessions and shows weekly productivity statistics.",Author,"Built the app with Electron and React. Added system notifications, custom session lengths, and local storage of session history.",,,2019-01-01,2020-01-01,0,,2,30
32,Weather Dashboard Widget,"Embeddable widget that displays current conditions and a five-day forecast for a chosen city.",Author,"Consumed the OpenWeatherMap API with vanilla JavaScript. Implemented response caching to stay within free-tier limits and added light and dark themes.",,,2020-02-01,2021-02-01,0,,2,7
33,URL Shortener,"Minimal URL shortening service with custom aliases and click analytics.",Author,"Implemented the API in Go with Redis for lookups and PostgreSQL for analytics. Added basic rate limiting and a simple admin page.",,,2021-03-01,2022-03-01,0,,2,30
34,Old jQuery Plugin Collection,"Small set of jQuery plugins for common UI needs such as image sliders, form validation, and tooltips.",Author,"Wrote and documented each plugin and published them on GitHub. Tested behavior across the major browsers of the time.",,,2016-04-01,2017-04-01,0,,2,7
35,Legacy PHP CMS Plugin,"WordPress plugin that adds a customizable event calendar with category filters to small business websites.",Author,"Developed the plugin in PHP using custom post types and shortcodes. Built the admin settings pages and kept it compatible with new WordPress releases.",,,2017-05-01,2018-05-01,0,,2,30
36,Deprecated REST Wrapper,"Client library wrapping a third-party payment provider's REST API with typed models and retry handling.",Author,"Implemented the wrapper in Java with OkHttp and Jackson. Added unit tests with mocked responses and published the library to a private Maven repository.",,,2018-06-01,2019-06-01,0,,2,14
37,Abandoned Chrome Extension,"Browser extension that saves highlighted text from web pages into a personal reading list.",Author,"Built the extension in JavaScript using the Manifest V2 API. Added tagging and export to Markdown.",,,2019-07-01,2020-07-01,0,,2,45
38,Early Django Blog Engine,"Custom blog engine with Markdown posts, tagging, and an RSS feed, built while learning Django.",Author,"Modeled posts and comments with the Django ORM. Implemented an admin workflow and deployed on a VPS with Nginx and Gunicorn.",,,2020-08-01,2021-08-01,0,,2,3
39,Unfinished Game Jam Project,"Two-dimensional puzzle platformer started during a game jam and later paused before completion.",Author,"Programmed player movement and level loading in Unity with C#. Designed three playable levels and integrated basic sound effects.",,,2021-09-01,2022-09-01,0,,6,60
40,Old College Capstone App,"Capstone project: a web system for managing student club events and registrations, usable on mobile browsers.",Author,"Developed the backend with Java Servlets and MySQL. Presented the final demo to the faculty panel.",,,2016-01-01,2017-01-01,0,,6,21
41,Discontinued Slack Bot,"Slack bot that posts daily stand-up reminders and collects team status updates.",Author,"Implemented the bot in Python using the Slack RTM API. Stored responses in SQLite and generated a daily summary message.",,,2017-02-01,2018-02-01,0,,2,90
42,Retired Internal Wiki Tool,"Lightweight internal wiki for a small team with page versioning and full-text search.",Author,"Built the application with Flask and PostgreSQL. Added Markdown editing, page history, and simple role-based access.",,,2018-03-01,2019-03-01,0,,2,10
43,Sunset Analytics Dashboard,"Dashboard that visualizes product usage metrics such as daily active users and feature adoption.",Author,"Created ETL scripts in Python that load data into PostgreSQL. Built charts with D3.js and scheduled nightly refreshes.",,,2019-04-01,2020-04-01,0,,2,30
44,Archived Hackathon Prototype,"Hackathon prototype for a carpooling matcher that pairs commuters by route and schedule.",Author,"Built the matching algorithm and REST API in Node.js during a 48-hour event. Presented the demo together with a team of three.",,,2020-05-01,2021-05-01,0,,5,7
45,Old Terraform POC,"Proof of concept evaluating Terraform for provisioning a small AWS environment from scratch.",Author,"Codified VPC, EC2, and RDS resources with remote state in S3. Documented findings and compared the approach with CloudFormation.",,,2021-06-01,2022-06-01,0,,5,30
