Id,Name,ExportedAt,DeletedAt
1,Ethan Carter - Backend Developer,,
2,Ethan Carter - DevOps / Cloud Engineer,,
3,Ethan Carter - Draft Frontend CV,,2024-09-05 14:22:10
4,Ethan Carter - Backend Developer (Draft),,
5,Ethan Carter - DevOps / Cloud Engineer (v1),2024-02-02 09:07:00,
6,Ethan Carter - Site Reliability Engineer (v2),2024-03-03 09:14:00,
7,Ethan Carter - Platform Engineer (Short Version),,
8,Ethan Carter - Fullstack Developer (Extended Version),2024-05-05 09:28:00,
9,Ethan Carter - Go Developer (No Photo),2024-06-06 09:35:00,
10,Ethan Carter - Java Backend Developer (For Startup),,
11,Ethan Carter - Cloud Infrastructure Engineer (For Big Tech),2024-08-08 09:49:00,
12,Ethan Carter - API Engineer (1-Page),2024-09-09 09:56:00,
13,Ethan Carter - Systems Engineer (With Cover Letter),,
14,Ethan Carter - Kubernetes Engineer (Old Version),2024-11-11 09:10:00,
15,Ethan Carter - Data Platform Engineer (Internal Review),2024-12-12 09:17:00,
16,Ethan Carter - Solutions Architect (Recruiter Copy),,
17,Ethan Carter - Staff Backend Engineer (Remote Only),2024-02-14 09:31:00,
18,Ethan Carter - Integration Engineer (Archived),2024-03-15 09:38:00,
19,Ethan Carter - Backend Developer (Draft),,
20,Ethan Carter - Backend Developer (No Photo),,7
21,Ethan Carter - DevOps / Cloud Engineer (For Startup),,30
22,Ethan Carter - Site Reliability Engineer (For Big Tech),,14
23,Ethan Carter - Platform Engineer (1-Page),,45
24,Ethan Carter - Fullstack Developer (With Cover Letter),,3
25,Ethan Carter - Go Developer (Old Version),,60
26,Ethan Carter - Java Backend Developer (Internal Review),,21
27,Ethan Carter - Cloud Infrastructure Engineer (Recruiter Copy),,90
28,Ethan Carter - API Engineer (Remote Only),,10
29,Ethan Carter - Systems Engineer (Archived),,30
30,Ethan Carter - Kubernetes Engineer (Draft),,7
31,Ethan Carter - Data Platform Engineer (v1),,30
32,Ethan Carter - Solutions Architect (v2),,7
33,Ethan Carter - Staff Backend Engineer (Short Version),,30
34,Ethan Carter - Integration Engineer (Extended Version),,14
35,Ethan Carter - Backend Developer (No Photo),,45
36,Ethan Carter - DevOps / Cloud Engineer (For Startup),,3
37,Ethan Carter - Site Reliability Engineer (For Big Tech),,60
38,Ethan Carter - Platform Engineer (1-Page),,21
39,Ethan Carter - Fullstack Developer (With Cover Letter),,90
40,Ethan Carter - Go Developer (Old Version),,10
41,Ethan Carter - Java Backend Developer (Internal Review),,30
42,Ethan Carter - Cloud Infrastructure Engineer (Recruiter Copy),,7
43,Ethan Carter - API Engineer (Remote Only),,30
44,Ethan Carter - Systems Engineer (Archived),,7
45,Ethan Carter - Kubernetes Engineer (Draft),,30
