Id,Name,IsHighlight,DeletedAt,SkillCategoryId
1,Go,1,,2
2,Java,1,,2
3,Python,0,,2
4,SQL,0,,2
5,Bash,0,,2
6,TypeScript,0,,2
7,HCL (Terraform),1,,2
8,Spring Boot,1,,3
9,gRPC,1,,3
10,Gin,1,,3
11,GORM,0,,3
12,Ansible,1,,3
13,ArgoCD,1,,3
14,Helm,0,,3
15,PostgreSQL,1,,4
16,MySQL,0,,4
17,Redis,1,,4
18,MongoDB,0,,4
19,Elasticsearch,0,,4
20,Docker,1,,5
21,Kubernetes,1,,5
22,Kafka,1,,5
23,Terraform,1,,5
24,GitHub Actions,0,,5
25,Jenkins,0,,5
26,Prometheus,0,,5
27,Grafana,0,,5
28,Datadog,0,,5
29,AWS EKS,1,,5
30,AWS RDS,0,,5
31,AWS S3,0,,5
32,AWS Lambda,0,,5
33,Git,0,,5
34,Postman,0,,5
35,Linux (Ubuntu/CentOS),1,,6
36,Microservices,1,,7
37,Domain-Driven Design,0,,7
38,RESTful API,1,,7
39,Event-Driven Architecture,0,,7
40,CI/CD,1,,7
41,Infrastructure as Code,1,,7
42,GitOps,1,,7
43,Site Reliability Engineering,0,,7
44,Twelve-Factor App,0,,7
45,PHP,0,2023-05-12 08:00:00,2
46,jQuery,0,2023-05-12 08:00:00,3
47,CircleCI,0,2024-02-20 15:30:00,5
48,Rust,1,,2
49,C#,0,,2
50,Ruby,0,,2
51,Kotlin,0,,2
52,Scala,1,,2
53,Elixir,0,,2
54,Swift,0,,2
55,PHP 8,0,,2
56,GraphQL,1,,3
57,NestJS,0,,3
58,FastAPI,0,,3
59,Django,0,,3
60,Flask,1,,3
61,Echo (Go),0,,3
62,Fiber (Go),0,,3
63,RabbitMQ,0,7,5
64,NATS,0,30,5
65,CockroachDB,0,14,4
66,Cassandra,0,45,4
67,DynamoDB,0,3,4
68,ClickHouse,0,60,4
69,InfluxDB,0,21,4
70,Vault,0,90,5
71,Consul,0,10,5
72,Nomad,0,30,5
73,Istio,0,7,5
74,Linkerd,0,30,5
75,Traefik,0,7,5
76,Nginx,0,30,5
77,HAProxy,0,14,5
78,AWS SQS,0,45,5
79,AWS SNS,0,3,5
80,AWS CloudFront,0,60,5
81,AWS ECS,0,21,5
82,AWS Fargate,0,90,5
83,Google Cloud Run,0,10,5
84,Azure Functions,0,30,5
85,Vercel,0,7,5
86,Netlify,0,30,5
87,OpenTelemetry,0,7,5
