Id,CompanyName,PositionTitle,Description,StartDate,EndDate,DeletedAt
1,Stripe,Backend Engineer,Built and maintained high-throughput backend services for Stripe's payment processing platform. Led migration of legacy monolith to microservices using Go and Kafka.,2021-06-01,,
2,Shopify,Junior Backend Developer,Developed e-commerce order management APIs using Java Spring Boot and MySQL. Implemented caching layers with Redis to reduce DB load by 40%.,2019-08-01,2021-05-01,
3,Stripe,DevOps Engineer,Owned the internal Kubernetes clusters on AWS EKS for 20+ microservices. Implemented GitOps workflow with ArgoCD and reduced deployment time from 45 min to under 8 min.,2022-01-01,,
4,Amazon Web Services,Infrastructure Engineer Intern,Assisted in provisioning AWS EC2/RDS resources and writing Ansible playbooks for configuration management.,2019-06-01,2019-08-01,
5,Freelance,Part-time Tutor,Taught introductory programming to bootcamp students on weekends.,2018-01-01,2018-12-01,2022-03-20 16:45:00
6,Google,Backend Engineer,"Developed and maintained backend services for large-scale internal data pipelines in Java and C++. Improved batch job reliability by adding automated retries and better monitoring. Took part in design reviews and the on-call rotation.",2012-01-01,,
7,Meta,Software Engineer II,"Built server-side features for a high-traffic social product using PHP and MySQL. Optimized slow queries and caching layers, cutting page load times by 20%. Collaborated with product and design teams on A/B experiments.",2013-02-01,2015-02-01,
8,Netflix,Senior Backend Engineer,"Designed resilient Java microservices supporting video playback and personalization workflows. Introduced circuit breakers and fallback strategies to keep services available during dependency failures. Mentored two junior engineers and led weekly design reviews.",2014-03-01,2017-03-01,
9,Airbnb,DevOps Engineer,"Automated server provisioning and deployments with Chef and Jenkins. Migrated build pipelines to a faster CI setup, reducing average build time by 30%. Built dashboards and alerts to monitor deployment health.",2015-04-01,2016-04-01,
10,Uber,Site Reliability Engineer,"Owned reliability for latency-sensitive backend services, defining SLOs and error budgets together with product teams. Built alerting and runbooks that lowered mean time to recovery. Led incident response and post-incident reviews.",2016-05-01,,
11,Spotify,Platform Engineer,"Built internal tooling for service deployment and configuration on Kubernetes and Docker. Created self-service templates that let squads launch new services in under an hour. Supported the migration of services from on-premise data centers to the cloud.",2017-06-01,2020-06-01,
12,Datadog,Infrastructure Engineer,"Maintained and scaled infrastructure for metrics ingestion using Kubernetes, Terraform, and Kafka. Improved cluster autoscaling to handle traffic peaks while reducing idle compute cost by 25%. Participated in the on-call rotation.",2018-07-01,2019-07-01,
13,Cloudflare,Cloud Engineer,"Developed automation for deploying and configuring edge services across global data centers using Go and SaltStack. Improved rollout safety with staged deployments and automatic rollback. Worked with network engineers on capacity planning.",2019-08-01,2021-08-01,
14,HashiCorp,Software Engineer Intern,"Contributed to an open-source Go project, fixing bugs and adding small features. Wrote unit and acceptance tests and improved documentation. Presented the work to the team at the end of the internship.",2020-09-01,,
15,GitLab,Systems Engineer,"Managed Linux-based infrastructure for the hosted service using Chef and Terraform. Tuned PostgreSQL and Redis for performance and handled routine capacity upgrades. Wrote documentation and runbooks for common operational tasks.",2021-01-01,2022-02-01,
16,MongoDB Inc.,API Engineer,"Designed and maintained REST APIs and client drivers for a document database platform. Wrote API documentation and example code for developers. Fixed compatibility bugs reported by the community across supported languages.",2012-02-01,2014-03-01,
17,Snowflake,Backend Engineer,"Developed backend components for a cloud data warehouse in Java and C++. Implemented metadata services and improved their throughput and reliability. Added automated tests and performance benchmarks to the release process.",2013-03-01,2016-04-01,
18,Confluent,Software Engineer II,"Built features for a Kafka-based streaming platform, including connectors and schema management tooling. Improved test coverage and stabilized flaky integration tests. Reviewed and merged pull requests from open-source contributors.",2014-04-01,,
19,Twilio,Senior Backend Engineer,"Led development of messaging and voice API features in Java, serving millions of requests per day. Improved delivery reliability with retry queues and better failure handling. Partnered with support teams to resolve customer-reported incidents.",2015-05-01,2017-06-01,
20,Atlassian,DevOps Engineer,"Automated build and deployment pipelines for cloud products with Bamboo and AWS CloudFormation. Introduced infrastructure-as-code practices and reduced manual release steps by 70%. Supported teams with monitoring and incident triage.",2016-06-01,2019-07-01,
21,HashiCorp,Site Reliability Engineer,"Monitored and maintained production services, responding to alerts and resolving incidents. Wrote scripts to automate repetitive operational tasks. Documented recovery procedures for critical systems.",2010-01-01,2011-01-01,7
22,GitLab,Platform Engineer,"Maintained shared build and deployment infrastructure for development teams. Automated server setup with shell scripts and Puppet. Provided support for release engineering.",2011-02-01,2013-02-01,30
23,MongoDB Inc.,Infrastructure Engineer,"Administered database clusters and supporting servers for internal and customer-facing systems. Monitored replication health and performed regular backup and restore tests.",2012-03-01,2013-03-01,14
24,Snowflake,Cloud Engineer,"Set up and operated AWS resources for development and testing environments. Wrote provisioning scripts and monitored usage to keep costs under control.",2013-04-01,2015-04-01,45
25,Confluent,Software Engineer Intern,"Assisted the engineering team with bug fixes and small features in a Java codebase. Wrote unit tests and learned code review and release practices.",2014-05-01,2015-05-01,3
26,Twilio,Systems Engineer,"Managed Linux servers and networking for telephony-related services. Automated configuration with Ansible and handled patching and capacity monitoring.",2015-06-01,2017-06-01,60
27,Atlassian,API Engineer,"Built and documented REST endpoints for a cloud product used by third-party integrators. Added authentication scopes and pagination support.",2016-07-01,2017-07-01,21
28,Elastic,Backend Engineer,"Developed features for a search and analytics engine in Java, including query improvements and index management. Reviewed pull requests from the open-source community and fixed reported bugs.",2017-08-01,2019-08-01,90
29,PagerDuty,Software Engineer II,"Worked on incident routing and notification services in Scala. Improved alert delivery latency and added integration tests for third-party connectors.",2018-09-01,2019-01-01,10
30,New Relic,Senior Backend Engineer,"Built data ingestion and query services handling large volumes of telemetry in Java and Go. Led performance investigations that reduced ingest latency and mentored newer engineers.",2019-01-01,2021-02-01,30
31,CircleCI,DevOps Engineer,"Maintained build servers and automated test environments for continuous integration. Reduced build queue times by adding parallel test runners.",2010-02-01,2011-03-01,7
32,DigitalOcean,Site Reliability Engineer,"Monitored and maintained virtualization hosts and control-plane services. Responded to on-call incidents and wrote runbooks for common failures.",2011-03-01,2013-04-01,30
33,Linode,Platform Engineer,"Supported internal platform services and deployment tooling for hosting infrastructure. Automated repetitive provisioning tasks with Python scripts.",2012-04-01,2013-05-01,7
34,Heroku,Infrastructure Engineer,"Operated and improved infrastructure for a platform-as-a-service, including routing and build systems. Handled capacity planning and took part in incident response.",2013-05-01,2015-06-01,30
35,Salesforce,Cloud Engineer,"Deployed and maintained cloud-hosted applications and supporting services. Standardized environment configuration and improved monitoring coverage.",2014-06-01,2015-07-01,14
36,Adobe,Software Engineer Intern,"Worked part-time as a student intern on web services for a creative software product. Implemented small features, fixed bugs, and wrote automated tests in Java.",2015-07-01,2017-08-01,45
37,Intuit,Systems Engineer,"Maintained internal servers and deployment tools for financial software teams. Assisted with migrating services to a new data center and updated monitoring dashboards.",2016-08-01,2017-01-01,3
38,Square,API Engineer,"Developed and maintained public payment APIs used by merchants and developers. Improved error handling and documentation, and supported partner integrations.",2017-09-01,2019-02-01,60
39,PayPal,Backend Engineer,"Built payment processing services in Java with a focus on reliability and correctness. Implemented idempotency and reconciliation checks to prevent duplicate transactions.",2018-01-01,2019-03-01,21
40,LinkedIn,Software Engineer II,"Developed backend services for a professional networking platform using Java and Kafka. Improved data pipelines and reduced processing lag. Took part in code reviews and the on-call rotation.",2019-02-01,2021-04-01,90
41,Dropbox,Senior Backend Engineer,"Designed backend components for file sync and storage in Python. Improved upload reliability and optimized metadata handling as the user base grew.",2010-03-01,2011-05-01,10
42,Slack,DevOps Engineer,"Maintained deployment scripts and server configuration for a messaging product. Introduced automated health checks and improved release consistency.",2011-04-01,2013-06-01,30
43,Zoom,Site Reliability Engineer,"Monitored video conferencing services and responded to production incidents. Wrote automation to speed up recovery and documented on-call procedures.",2012-05-01,2013-07-01,7
44,Twitch,Platform Engineer,"Built internal tools supporting live-streaming services, including deployment automation and configuration management. Helped teams scale services during major events.",2013-06-01,2015-08-01,30
45,Reddit,Infrastructure Engineer,"Maintained cloud servers and caching layers for a high-traffic community site. Tuned Memcached and PostgreSQL settings and helped prepare for traffic spikes.",2014-07-01,2015-01-01,7
